"Part","Description","Type","Footprint","Stock","Last used","Where is it?"
"2 PIN AVIATIO ZONE PLUG","BOX 6","Local","","16","30.09.2026 17:30","BOX 6 (16)"
"DS18B20 Water Proof Temperature Probe – Black","Box 14","Local","","1","30.09.2026 17:30","BOX 14 (1)"
"5V - 3A SMPS   RS 15-5","Box 65 (iii)","Local","","11","30.09.2026 17:29","BOX 65 (iii) (11)"
"12V - 2.1A SMPS RS 25-12","BOX 65(i)","Local","","10","30.09.2026 17:28","BOX 65 (i) (10)"
"BLACK MINI ROCKER SWITCH 3A","BOX 36","Local","","27","30.09.2026 17:28","BOX 36 (27)"
"SNIFAN","BOX 86","Local","","0","30.09.2026 12:32",""
"PNP-500 THERMAL PRINTERS","4th row of rack 3","Local","","17","30.09.2026 12:31","4TH ROW OF RACK 3 (17)"
"7"" DWIN DISPLAY","4th row of rack 3","Local","","4","30.09.2026 12:24","4TH ROW OF RACK 3 (4)"
"5V - 5A SMPS   RS 25-5","Box 65 (iii)","Local","","8","30.09.2026 12:22","BOX 65 (iii) (8)"
"24V - 2.2A SMPS   LRS 50-24","Box 65 (ii)","Local","","8","30.09.2026 12:21","BOX 65 (ii) (8)"
"12V - 4.2A SMPS    LRS 50-12","Box 65 (i)","Local","","4","30.09.2026 12:18","BOX 65 (i) (4)"
"12V - 3A SMPS LRS 35-12","BOX 65(i)","Local","","1","30.09.2026 12:18","BOX 65 (i) (1)"
"HDMI 270 ° CONNECTORS","Box 104","Local","","34","30.09.2026 11:20","BOX 104 (34)"
"4 PIN CABLE JST","BOX 5 (i)","Local","","192","29.09.2026 15:39","BOX 5 (i) (192)"
"USB TO MICRO B CABLE L SHAPE","BOX 16","Local","","0","29.09.2026 15:38",""
"HDMI TO MICRO HDMI CABLE","BOX 15","Local","","21","29.09.2026 15:38","BOX 15 (21)"
"WAVE SHARE DISPLAY","2nd row of rack 3","Local","","3","29.09.2026 15:38","2nd ROW OF RACK 3 (3)"
"ESP32 S3 N16R8","BOX 98","Local","","24","29.09.2026 15:37","BOX 98 (24)"
"M10 VACCUM LEGS","Box 59","Local","","129","29.09.2026 15:37","BOX 107 (129)"
"5V DC FAN 9225","BOX 46","Local","","7","29.09.2026 15:37","BOX 46 (7)"
"32GB PENDRIVES EVM","ALMARA LOCKER","Local","","3","29.09.2026 15:37","ALMARA LOCKER (3)"
"32GB SD CARD EVM","ALMARA LOCKER","Local","","4","29.09.2026 15:37","ALMARA LOCKER (4)"
"CIRCULATION PUMP","CB- 6","Local","","20","29.09.2026 15:36","CB- 6 (20)"
"TUBULAR COIL HEATER (U SHAPE)","BOX 100","Local","","3","29.09.2026 15:36","BOX 100 (3)"
"PT 100 SENSOR 1.5MM","BOX 13","Local","","29","29.09.2026 15:36","BOX 13 (29)"
"PT 100 SENSOR 1M BOLD","BOX 13","Local","","15","29.09.2026 15:36","BOX 13 (15)"
"FINGER PRINT MOUNTING CLAMP","BOX 9","Local","","13","29.09.2026 15:35","BOX 9 (13)"
"R307 FINGERPRINT MODULE","BOX 9","Local","","10","29.09.2026 15:35","BOX 9 (10)"
"RCT-4 HDMI MALE TO HDMI FEMALE ROTATING ADAPTER","BOX 104","Local","","12","29.09.2026 15:34","BOX 104 (12)"
"USB TO MICRO B CABLE","BOX 16","Local","","10","29.09.2026 15:34","BOX 16 (10)"
"5 SHORT WAGO CONNECTORS","Box 69","Local","","12","29.09.2026 15:33","BOX 69 (12)"
"RS232 MODULE","Box 17","Local","","23","29.09.2026 15:33","BOX 109 (23)"
"USB MALE TO FEMALE PANEL MOUNT CABLE","BOX 16","Local","","0","29.09.2026 15:33",""
"RJ45 MALE TO FEMALE PANEL MOUNT LAN CABLES 0.5M","BOX 31","Local","","7","29.09.2026 15:33","BOX 31 (7)"
"3 PIN AVIATIO ZONE PLUG","BOX 6","Local","","21","29.09.2026 15:31","BOX 6 (21)"
"Weipu SP13 series waterproof aviation plug 6 pin","BOX 6","Local","","0","29.09.2026 15:31",""
"RECEPTACLE  (EMI-12-04 IFM-3)","BOX 12","Local","","21","29.09.2026 15:30","BOX 12 (21)"
"WIPRO GRANET 2W LED SPOTLIGHT","BOX 108","Local","","14","29.09.2026 15:29","BOX 108 (14)"
"25MM RUBBER LEGS","BOX 57","Local","","41","29.09.2026 15:29","BOX 57 (41)"
"5V DC FAN 4010 (SMALL)","Box 47","Local","","19","29.09.2026 15:28","BOX 47 (19)"
"CR2032 COIN BATTERY","LAPTOP TABLE DESK","Local","","37","29.09.2026 15:28","LAPTOP TABLE DESK (37)"
"RASPBERRY PI 4 MODEL 2GB RAM","LOCKER","Local","","2","29.09.2026 15:28","ALMARA LOCKER (2)"
"TB6600 MOTO DRIVERS","BOX 40","Local","","18","29.09.2026 15:27","BOX 40 (18)"
"OPTICAL ENDSTOP LIMIT SWITCH WITH CABLE","BOX 9","Local","","29","29.09.2026 15:27","BOX 109 (29)"
"94XL BELT","BOX 27","Local","","18","29.09.2026 15:27","BOX 27 (18)"
"T8 GUN METAL NUT","BOX 86","Local","","14","29.09.2026 15:26","BOX 86 (14)"
"LMH10 UU","BOX 25","Local","","10","29.09.2026 15:26","BOX 25 (10)"
"626ZZ BEARING","BOX 26","Local","","8","29.09.2026 15:25","BOX 26 (8)"
"MOONS STEP MOTOR","BOX38","Local","","25","29.09.2026 15:25","BOX 38 (25)"
"7SEMI HX711 24 BIT ADC MODULE","BOX 104","Local","","22","29.09.2026 15:25","BOX 104 (22)"
"INA219 I2C MODULE","BOX 104","Local","","10","29.09.2026 15:24","BOX 104 (10)"
"20X4 DISPLAY YELLOW","BOX 99","Local","","15","29.09.2026 15:24","BOX 99 (15)"
"I2C ADAPTER MODULE","BOX 39","Local","","6","29.09.2026 15:24","BOX 39 (6)"
"8 KEY KEYPAD BOARDS","BOX 19","Local","","10","29.09.2026 15:24","BOX 19 (10)"
"0.1UF CAPACITOR 0805 PACKAGE","BOX 104","Local","","200","29.09.2026 10:36","BOX 104 (200)"
"256XL BELT","BOX 27","Local","","20","29.09.2026 10:06","BOX 27 (20)"
"240 S2M GT BELT","BOX 27","Local","","17","29.09.2026 10:05","BOX 27 (17)"
"190XL BELT","BOX 27","Local","","5","29.09.2026 10:04","BOX 27 (5)"
"120XL BELT","BOX 27","Local","","17","29.09.2026 10:03","BOX 27 (17)"
"144XL BELT","BOX 27","Local","","10","29.09.2026 10:02","BOX 27 (10)"
"136XL BELT","BOX 27","Local","","7","29.09.2026 10:02","BOX 27 (7)"
"192XL BELT","BOX 27","Local","","17","29.09.2026 10:02","BOX 27 (17)"
"106XL BELT","BOX 27","Local","","8","29.09.2026 10:01","BOX 27 (8)"
"625Z BEARING","BOX 26","Local","","18","29.09.2026 09:59","BOX 26 (18)"
"605Z BEARING","BOX 26","Local","","42","29.09.2026 09:59","BOX 26 (42)"
"6902RS BEARING","BOX 26","Local","","18","29.09.2026 09:58","BOX 26 (18)"
"6201Z BEARING","BOX 26","Local","","9","29.09.2026 09:58","BOX 26 (9)"
"629RS BEARING","BOX 26","Local","","13","29.09.2026 09:57","BOX 26 (13)"
"6000Z BEARINGS","BOX 26","Local","","18","29.09.2026 09:56","BOX 26 (18)"
"626RS BEARINGS","BOX 26","Local","","23","29.09.2026 09:54","BOX 26 (23)"
"608ZZ BEARING","BOX 26","Local","","17","29.09.2026 09:46","BOX 26 (17)"
"PROXIMITY SENSOR NPN","BOX 30","Local","","18","28.09.2026 16:15","BOX 30 (18)"
"MAX31865 PT-100 SENSOR MODULE","Box 104","Local","","4","28.09.2026 16:08","BOX 104 (4)"
"LM16 UU","BOX 24","Local","","15","28.09.2026 15:33","BOX 24 (15)"
"SOLENOID VALVES","BOX 90","Local","","28","28.09.2026 15:18","BOX 90 (28)"
"0.91 inch 128x32 Blue OLED Display Module with I2C","BOX 104","Local","","0","28.09.2026 11:58",""
"6003ZZ BEARING","BOX 26","Local","","96","26.09.2026 11:18","BOX 26 (96)"
"LMH10 LUU","BOX 25","Local","","5","26.09.2026 11:15","BOX 25 (5)"
"LM10 UU","BOX 25","Local","","13","26.09.2026 11:14","BOX 25 (13)"
"E-LBB12 L BEARING","BOX 25","Local","","7","26.09.2026 11:14","BOX 25 (7)"
"LMH12 UU","BOX 25","Local","","18","26.09.2026 11:12","BOX 25 (18)"
"LM12 UU","BOX 25","Local","","9","26.09.2026 11:11","BOX 25 (9)"
"LMH12 LUU","BOX 25","Local","","31","26.09.2026 11:11","BOX 25 (31)"
"LM6 UU","BOX 24","Local","","10","26.09.2026 10:52","BOX 24 (10)"
"LMH8 LUU","BOX 24","Local","","6","26.09.2026 10:39","BOX 24 (6)"
"DT ACRYLIC BATH TANK","WOODEN BOX","Local","","13","26.09.2026 10:29","WOODEN BOX (13)"
"NP22 R5K OHM POTENTIOMETER","BOX 70","Local","","4","26.09.2026 10:26","BOX 70 (4)"
"7 KEY KEYPAD BOARD","BOX 18","Local","","28","26.09.2026 10:16","BOX 18 (28)"
"THERMAL CUTOFF 120 L20A 60X Stud Mount","BOX 32","Local","","8","25.09.2026 17:47","BOX 32 (8)"
"DM542 MOTOR DRIVER","","Local","","3","25.09.2026 11:55","BOX 40 (3)"
"5PIN CABLE JST","BOX 5(i)","Local","","115","25.09.2026 11:22","BOX 5 (i) (115)"
"6A FUSE","BOX 4","Local","","214","25.09.2026 11:22","BOX 4 (214)"
"SOLDERING PASTE FLUX","BOX 1","Local","","5","25.09.2026 11:21","LAPTOP TABLE DESK (5)"
"RED ROCKET SWITCH 3A","BOX 36","Local","","0","25.09.2026 11:19",""
"DS3231 RTC IC","","Local","","0","25.09.2026 11:16",""
"SOLDERING 50 GRAM LEAD","BOX 1","Local","","8","25.09.2026 11:13","LAPTOP TABLE DESK (5), BOX 1 (3)"
"3 LEG METAL DOME SWITCH","","Local","","100","25.09.2026 11:11","BOX 19 (100)"
"24V - 4.5A SMPS LRS100-24","Box 65 (iii)","Local","","8","23.09.2026 17:26","BOX 65 (iii) (8)"
"MAINS CORD","BOX 101","Local","","13","23.09.2026 17:24","BOX 101 (13)"
"GILLARD MICRO LIMIT SWITCH","BOX 32","Local","","11","23.09.2026 17:22","BOX 30 (11)"
"10 PIN CABLE CONNECTOR MOLEX","BOX 5(ii)","Local","","21","23.09.2026 17:22","BOX 5 (ii) (21)"
"15MM RUBBER LEGS","BOX 60","Local","","372","23.09.2026 17:21","BOX 60 (372)"
"SD CARD MODULE","Box 29","Local","","15","23.09.2026 17:21","BOX 29 (15)"
"USB TO TYPE C CABLE","BOX 16","Local","","19","23.09.2026 17:16","BOX 16 (19)"
"MT3608 BOOSTER MODULE","BOX 39","Local","","15","23.09.2026 17:16","BOX 39 (15)"
"TP4056 CHARGING BOARD TYPE C CONNECTOR","BOX 104","Local","","15","23.09.2026 17:15","BOX 104 (15)"
"RJ45 MALE TO FEMALE PANEL MOUNT LAN CABLES 30CM","BOX 31","Local","","3","23.09.2026 17:14","BOX 31 (3)"
"RELAY MODULES","Box 39","Local","","32","23.09.2026 17:14","BOX 50 (32)"
"36XL PULLEYS","BOX 55","Local","","31","23.09.2026 17:11","BOX 55 (31)"
"MLX90614 IR SENSOR GY-906","BOX 104","Local","","10","23.09.2026 17:10","BOX 104 (10)"
"MOTOR SHAFT","BOX 8","Local","","50","23.09.2026 17:10","BOX 8 (50)"
"SD CARD READER","BOX 62","Local","","31","23.09.2026 17:09","BOX 62 (31)"
"BLUE HEAD TAPS FOR DT","","Local","","7","23.09.2026 17:06","BOX 110 (7)"
"12XL DT PULLEYS","BOX 52","Local","","0","23.09.2026 17:06",""
"48XL DT PULLEYS","BOX 52","Local","","6","23.09.2026 17:05","BOX 52 (6)"
"32GB SD CARD SANDISK","ALMARA LOCKER","Local","","4","16.09.2026 16:49","ALMARA LOCKER (4)"
"HDT 18 TEETH ALUMINIUM PULLEY","","Local","","3","16.09.2026 16:32","BOX 3 (3)"
"NEMA 23 ANTI VIBRATION PLATE","BOX 29","Local","","7","16.09.2026 15:55","BOX 29 (7)"
"BUCK CONVERTER","BOX 39","Local","","9","16.09.2026 15:51","BOX 39 (9)"
"64GB SD CARD","LOCKER","Local","","1","16.09.2026 15:51","ALMARA LOCKER (1)"
"24XL PULLEY","BOX 52","Local","","1","16.09.2026 15:50","BOX 52 (1)"
"FRIABILITY LEGS SET","Box 91","Local","","0","16.09.2026 15:49",""
"1:5 WAGO CONNECTORS","BOX 69","Local","","29","16.09.2026 15:28","BOX 69 (29)"
"FLAT BOTTOM BEAKERS 1 LIT","CB- 9","Local","","18","16.09.2026 15:27","CB- 9 (18)"
"PRINTER CORD","","Local","","11","16.09.2026 15:26","BOX 103 (11)"
"GUIDED DISC","","Local","","288","16.09.2026 15:25","BOX 111 (288)"
"3D PRINTED FINGER PRINT MOUNTS","BOX 9","Local","","2","16.09.2026 14:31","BOX 9 (2)"
"LAN CABLES","BOX 31","Local","","7","16.09.2026 14:27","BOX 105 (7)"
"D SHELL 9 SHELL","BOX 7","Local","","28","07.09.2026 15:27","BOX 7 (28)"
"D SHELL 25 SHELL","BOX 7","Local","","30","07.09.2026 15:25","BOX 7 (30)"
"DB 9 MALE PIN","BOX 7","Local","","43","07.09.2026 15:24","BOX 7 (43)"
"DB 25 MALE PIN","BOX 7","Local","","30","07.09.2026 15:24","BOX 7 (30)"
"RS232 CORD","BOX 17","Local","","19","07.09.2026 15:15","BOX 17 (19)"
"8 GB PENDRIVE","ALMARA LOCKER","Local","","1","07.09.2026 14:56","ALMARA LOCKER (1)"
"SPIRAL HEATER","BOX 100","Local","","5","04.09.2026 17:52","BOX 100 (5)"
"8 PIN AVIATION ZONE PLUG","","Local","","9","03.09.2026 16:25","BOX 6 (9)"
"4 PIN AVIATIO ZONE PLUG","BOX 6","Local","","7","03.09.2026 16:13","BOX 6 (7)"
"PRESSURE SENSOR","ALMARA LOCKER","Local","","0","03.09.2026 11:08",""
"8GB SD CARD","ALMARA LOCKER","Local","","1","03.09.2026 11:08","ALMARA LOCKER (1)"
"RASPBERRY PI 5 MODEL 4GB RAM","ALMARA LOCKER","Local","","0","03.09.2026 11:03",""
"4GB SD CARD","ALMARA LOCKER","Local","","6","03.09.2026 11:02","ALMARA LOCKER (6)"
"24V 3.2A SMPS LRS 75-24","BOX 65(ii)","Local","","3","02.09.2026 17:51","BOX 65 (ii) (3)"
"TP5100 Lithium Battery Charging Board","Box 104","Local","","18","02.09.2026 16:58","BOX 104 (18)"
"MLX90614 IR SENSOR HW-691","BOX 104","Local","","6","02.09.2026 16:51","BOX 104 (6)"
"MAX17048 FUEL GAUGE","BOX 104","Local","","0","02.09.2026 16:48",""
"M3X5MM BRASS THREDED INSERTS","","Local","","0","02.09.2026 16:45",""
"TMB12A05 BUZZER","","Local","","0","02.09.2026 16:43",""
"4.7UF ±10% 1206 CAPACITORS","BOX 104","Local","","0","02.09.2026 16:42",""
"Fuse Holder-BF-020","BOX 104","Local","","0","02.09.2026 16:39",""
"CR2032 BATTERY HOLDER HORIZONTAL","BOX 104","Local","","0","02.09.2026 16:39",""
"ADS1115 ADC MODULE","Box 104","Local","","20","02.09.2026 16:38","BOX 104 (20)"
"3.7V Lithium Battery Protection Board","BOX 104","Local","","7","02.09.2026 16:33","BOX 104 (7)"
"SCOTT VOLUMETER COLLECTION TRAY","BOX 49","Local","","6","02.09.2026 16:04","BOX 49 (6)"
"CANNULAS","BOX 43","Local","","102","02.09.2026 16:01","BOX 43 (102)"
"SILICONE HEATERS SMALL","BOX 37","Local","","20","02.09.2026 15:57","BOX 37 (20)"
"10KG LOAD CELL","BOX 34","Local","","1","02.09.2026 15:36","BOX 34 (1)"
"100KG LOAD CELL","Box 34","Local","","3","02.09.2026 15:36","BOX 34 (3)"
"4 PIN DISPLAY CONNECTORS","BOX 33","Local","","7","02.09.2026 15:32","BOX 33 (7)"
"8 PIN DISPLAY CONNECTORS","BOX 33","Local","","7","02.09.2026 15:31","BOX 33 (7)"
"10 PIN DISPLAY CONNECTORS","BOX 33","Local","","70","02.09.2026 15:30","BOX 33 (70)"
"20A FUSE HOLDER BLACK","BOX 32","Local","","8","02.09.2026 15:27","BOX 32 (8)"
"9 PIN TOGGLE SWITCH ON OFF ON","BOX 32","Local","","13","02.09.2026 15:26","BOX 32 (13)"
"GILLARD MICRO DOUBLE POLE LIMIT SWITCH SWITCH","BOX 30","Local","","3","02.09.2026 15:22","BOX 30 (3)"
"PH-A/AW-2mm-2 pin Female Housing Connector with 300mm Wire(28 AWG)","BOX 5 (ii)","Local","","11","02.09.2026 15:21","BOX 5 (ii) (11)"
"MALE TO MALE JUMPER CABLE","BOX 5(i)","Local","","67","02.09.2026 15:10","BOX 5 (ii) (67)"
"MALE TO FEMALE JUMPER CABLE","BOX 5(i)","Local","","28","02.09.2026 15:10","BOX 5 (ii) (28)"
"FEMALE TO FEMALE JUMPER CABLE","BOX 5(i)","Local","","40","02.09.2026 15:10","BOX 5 (ii) (40)"
"RUDRA WHITE DIMMER BOARD","","Local","","0","02.09.2026 12:59",""
"KEYPAD 3D PRINTED COVERS","BOX 19","Local","","7","02.09.2026 12:59","BOX 19 (7)"
"8 KEYPAD DISPLAY CABLES","BOX 19","Local","","0","02.09.2026 12:58",""
"3.7V 9000MAH MICRO LIPO BATTERY PACK WITH PCB AND 100MM CABLE OF 22AWG","BOX 20","Local","","3","02.09.2026 12:58","BOX 20 (3)"
"3.7V 8000MAH MICRO LIPO BATTERY PACK WITH PCB AND 100MM CABLE OF 22AWG","BOX 20","Local","","0","02.09.2026 12:57",""
"RLE/EXP-03/V1.0 PI EXPANSION PLAIN BOARD","BOX 20","Local","","0","02.09.2026 12:56",""
"VACUUM SENSOR EXPANSION PLAIN GREEN BOARD","BOX 20","Local","","0","02.09.2026 12:56",""
"3.7V 10000mAh Lipo (Lithium Polymer) Rechargeable Battery","BOX 20","Local","","6","02.09.2026 12:52","BOX 20 (6)"
"RLE/AC/DIMMER/V0.10 WHITE PLAIN BOARD","BOX 20","Local","","0","02.09.2026 12:51",""
"RLE/AC/BOARD/V1.0 PLAIN BOARD","BOX 20","Local","","0","02.09.2026 12:51",""
"TYPE C FEMALE PANEL MOUNT CABLE","BOX 16","Local","","5","02.09.2026 12:37","BOX 16 (5)"
"PT 100 SENSOR 6 INCH","BOX 13","Local","","46","02.09.2026 12:23","BOX 13 (46)"
"PT 100 SENSOR 3M PENCIL","BOX 14","Local","","15","02.09.2026 12:19","BOX 14 (15)"
"SMALL RECEPTACLE","BOX 12","Local","","9","02.09.2026 12:13","BOX 12 (9)"
"ANTI VIBRATION MOUNT","Box 8","Local","","13","02.09.2026 12:10","BOX 58 (13)"
"DPST GREEN SWITCH","BOX 10","Local","","13","02.09.2026 11:56","BOX 10 (13)"
"DPST YELLOW SWITCH","BOX 10","Local","","12","02.09.2026 11:56","BOX 10 (12)"
"DPST RED SWITCH","BOX 10","Local","","12","02.09.2026 11:55","BOX 10 (12)"
"DPDT BLACK SWITCH","BOX 10","Local","","14","02.09.2026 11:54","BOX 10 (14)"
"3 PIN END STOP SWITCH","BOX 11","Local","","2","02.09.2026 11:47","BOX 11 (2)"
"DB 9 FEMALE PIN","BOX 7","Local","","22","02.09.2026 11:34","BOX 7 (22)"
"22KL RESISTOR","BOX 11","Local","","5","02.09.2026 11:31","BOX 11 (5)"
"DS3231 RTC MODULE","BOX 39","Local","","14","01.09.2026 10:51","BOX 39 (14)"
"PG 9 - Polyamide Cable Glands (GROW METS)","BOX 48","Local","","100","01.09.2026 10:45","BOX 48 (100)"
"PG 11 - Polyamide Cable Glands (GROW METS)","BOX 48","Local","","10","01.09.2026 10:44","BOX 48 (10)"
"ESP32-S3 Extended Green Board 44P Proxy","BOX 97","Local","","3","01.09.2026 10:34","BOX 97 (3)"
"ARDUINO NANO EXPANSION BOARD BLUE","BOX 97","Local","","8","01.09.2026 10:30","BOX 97 (8)"
"20X4 DISPLAY BLUE WITH I2C","BOX 99","Local","","0","01.09.2026 10:28",""
"7 PIN AVIATIO ZONE PLUG","BOX6","Local","","10","01.09.2026 10:19","BOX 6 (10)"
"6 PIN AVIATION ZONE PLUG","BOX 6","Local","","6","01.09.2026 10:03","BOX 6 (6)"
"M4 KNOBS","","Local","","19","22.08.2026 15:34","BOX 54 (19)"
"FRIABILITY DRUMS & TRAYS SET","","Local","","1","22.08.2026 15:28","FRONT OF RACK 1 (1)"
"PRODOT USB KEYBOARD","2nd ROW OF RACK 3","Local","","22","22.08.2026 15:27","2nd ROW OF RACK 3 (22)"
"FORGED BIBCOCK TAP WITH HANDLE","","Local","","6","22.08.2026 15:05","BOX 110 (6)"
"BINDU WATER BIG TAP","","Local","","1","22.08.2026 15:05","BOX 110 (1)"
"CLEANING BRUSH","BOX 106","Local","","120","22.08.2026 14:35","BOX 106 (120)"
"HX711 Load Cell Amplifier Module","Box 104","Local","","17","08.08.2026 09:47","BOX 104 (17)"
"PCF85063AT RTC IC","BOX 39","Local","","0","05.08.2026 10:16",""
"DISSO VESSELS WITH GROUND 1LIT","CB- 2","Local","","10","04.08.2026 15:12","CB- 2 (10)"
"SIEVE SHAKER COIL","Wooden box","Local","","0","31.07.2026 15:46",""
"6000ZZ BEARING","Box 26","Local","","0","28.07.2026 15:03",""
"SPEED MEASURING SENSOR MODULE","BOX 29","Local","","15","28.07.2026 15:00","BOX 29 (15)"
"RASPBERRY PI 4 MODEL 4GB RAM","LOCKER","Local","","0","28.07.2026 12:02",""
"6 PIN CABLE JST","BOX 5(i)","Local","","72","27.07.2026 16:53","BOX 5 (i) (72)"
"12V DC FAN 9225","BOX 45","Local","","14","27.07.2026 16:08","BOX 45 (14)"
"24V DC FAN 9225","BOX 45","Local","","26","27.07.2026 16:04","BOX 45 (26)"
"PUSH BUTTON SWITCH RED","BOX 36","Local","","2","27.07.2026 15:53","BOX 36 (2)"
"TACKTILE SWITCH","BOX 36","Local","","35","27.07.2026 15:52","BOX 36 (35)"
"8 POLE GREEN PUSH SWITCH","BOX 36","Local","","4","27.07.2026 15:51","BOX 36 (4)"
"LIFTING COLUMN SMALL SWITCHES","BOX 36","Local","","12","27.07.2026 15:45","BOX 36 (12)"
"DPDT BLACK SWITCH SMALL","BOX 36","Local","","10","27.07.2026 15:44","BOX 36 (10)"
"2 WAY 3 POLE BLUE PUSH BUTTON SWITCH","BOX 36","Local","","5","27.07.2026 15:43","BOX 36 (5)"
"SPST SWITCHES RED","BOX 36","Local","","23","27.07.2026 15:38","BOX 36 (23)"
"SCOOP 50GMS","","Local","","0","27.07.2026 15:33",""
"PT 100 SENSOR 2M BOLD","BOX 14","Local","","2","27.07.2026 15:30","BOX 14 (2)"
"16 PIN DISPLAY CONNECTORS","BOX 33","Local","","57","27.07.2026 14:51","BOX 33 (57)"
"3 PIN DISPLAY CONNECTORS","BOX 33","Local","","9","27.07.2026 14:48","BOX 33 (9)"
"PLAIN MICRO LIMIT SWITCH","BOX 32","Local","","6","27.07.2026 14:38","BOX 32 (6)"
"25MM DERLIN BALL WHITE","BOX 32","Local","","1","27.07.2026 14:38","BOX 32 (1)"
"CR2032 COIN BATTERY SOCKET HOLDER (Horizontal)","","Local","","0","27.07.2026 12:51",""
"OPTO INTERUPT MOUNTING PLATE","BOX 8","Local","","8","27.07.2026 12:50","BOX 8 (8)"
"SMALL RED FUSE HOLDER","BOX 11","Local","","14","27.07.2026 12:46","BOX 11 (14)"
"SILICONE HEATERS BIG","BOX 37","Local","","1","25.07.2026 12:54","BOX 37 (1)"
"ESP32-S3-WROOM-1-N16R8 Wi-Fi BLE Module Transceiver 16MB Flash PCB Antenna","BOX 104","Local","","0","25.07.2026 10:06",""
"H11AA1AR2M","ALMARA LOCKER","Local","","25","24.07.2026 17:54","ALMARA LOCKER (25)"
"7 PIN AVIATIO ZONE PLUG","BOX 6","Local","","1","21.07.2026 17:17","BOX 6 (1)"
"6 PIN MILITARY CONNECTOR","BOX 6","Local","","3","21.07.2026 17:16","BOX 6 (3)"
"DB 25 FEMALE PIN","BOX 7","Local","","29","21.07.2026 17:10","BOX 7 (29)"
"DB 25 RIBBON CONNECTOR","BOX 7","Local","","8","21.07.2026 17:08","BOX 7 (8)"
"DB 9 RIBBON CONNECTOR","BOX 7","Local","","6","21.07.2026 17:08","BOX 7 (6)"
"H11AA1M","ALMARA LOCKER","Local","","200","21.07.2026 16:28","ALMARA LOCKER (200)"
"SCREW LINE TESTER","BOX 1","Local","","1","21.07.2026 12:53","BOX 1 (1)"
"2 PIN PLUG TOP MOUNT SMALL","BOX 1","Local","","4","21.07.2026 12:52","BOX 1 (4)"
"3 PIN SOCKET PLUG","BOX 1","Local","","3","21.07.2026 12:52","BOX 1 (3)"
"MAGNET STERROR","BOX 1","Local","","8","21.07.2026 12:52","BOX 1 (8)"
"SQUARE DESICATOR CLAMP","BOX 1","Local","","12","21.07.2026 12:51","BOX 1 (12)"
"ACOUSTIC CABINET DOOR HANDLES","BOX 1","Local","","6","21.07.2026 12:50","BOX 1 (6)"
"ACOUSTIC CABINET DOOR CLAMS","BOX 1","Local","","6","21.07.2026 12:49","BOX 1 (6)"
"2 PIN PLUG TOP MOUNT BIG","BOX 1","Local","","1","21.07.2026 12:47","BOX 1 (1)"
"MX 8 PIN BLACK CONNECTOR","BOX 1","Local","","4","21.07.2026 12:46","BOX 1 (4)"
"GEARS ASSORTED KIT FOR ZONE READER","BOX 1","Local","","1","21.07.2026 12:42","BOX 1 (1)"
"GRANUAL FRIABILITY TUBES HOLDING BELTS","BOX 1","Local","","2","21.07.2026 12:42","BOX 1 (2)"
"WIRING GREWMET","BOX 1","Local","","15","21.07.2026 12:41","BOX 1 (15)"
"HEAT SHRINK SHORT SLEEVES","BOX 1","Local","","20","21.07.2026 12:41","BOX 1 (20)"
"BUS CONNECTOR","BOX 1","Local","","4","21.07.2026 12:38","BOX 1 (4)"
"SD CARD MODULE MOUNTING PLATE","Box 29","Local","","18","18.07.2026 17:17","BOX 29 (18)"
"17 KEYPAD BOARD","BOX 18","Local","","2","18.07.2026 16:55","BOX 18 (2)"
"7 KEY KEYPAD DISPLAY CABLE","BOX 18","Local","","1","18.07.2026 16:53","BOX 18 (1)"
"CrowPanel ESP Terminal - ESP32 3.5inch 480x320 Parallel RGB Touch Display","ALMARA LOCKER","Local","","1","18.07.2026 14:39","ALMARA LOCKER (1)"
"26 PIN BOX HEADER","BOX 2","Local","","2","17.07.2026 17:14","BOX 2 (2)"
"16 PIN BOX HEADER","BOX 2","Local","","15","17.07.2026 17:13","BOX 2 (15)"
"10 PIN RIBBON CABLE CONNECTOR","BOX 2","Local","","13","17.07.2026 17:12","BOX 2 (13)"
"16 PIN RIBBON CABLE CONNECTORS","BOX 2","Local","","13","17.07.2026 17:11","BOX 2 (13)"
"GT2 20 ALUMINIUM TEETH","BOX 3","Local","","8","17.07.2026 17:09","BOX 3 (8)"
"GT2 ALUMINIUM 60 TEETH","BOX 3","Local","","6","17.07.2026 17:08","BOX 3 (6)"
"1N4007 DIODES","LAPTOP TABLE DESK","Local","","100","16.07.2026 11:31","LAPTOP TABLE DESK (100)"
"LM8 UU","BOX 24","Local","","14","15.07.2026 11:41","BOX 24 (14)"
"LMH8 UU","BOX 24","Local","","16","15.07.2026 11:41","BOX 24 (16)"
"20X4 DISPLAY BLUE","BOX 99","Local","","0","14.07.2026 14:54",""
"HY-04Y-2.00mm-4 pin Female Buckle Housing Connector with 300mm Wire(28AWG)","BOX 5 (ii)","Local","","50","14.07.2026 14:47","BOX 5 (ii) (50)"
"MLX90614 IR SENSOR GY-906 BOLD BLACK","BOX 104","Local","","10","14.07.2026 14:40","BOX 104 (10)"
"MOC3021 OPTOISOLATORS","BOX 104","Local","","0","11.07.2026 10:45",""
"Soldering cleaning sponge","BOX 104","Local","","9","11.07.2026 10:32","BOX 104 (9)"
"TIMOTION COLUMN ACTUATOR 2000N","Front of rack 1","Local","","3","09.07.2026 16:18","FRONT OF RACK 1 (3)"
"MESH FOR RLE LOGO","BOX 1","Local","","2","08.07.2026 09:42","BOX 1 (2)"
"MLX90614 IR Temp Sensor","Box 29","Local","","6","03.07.2026 16:29","BOX 29 (6)"
"ESP32 S3 N16R8 MICRO USB","BOX 40","Local","","0","23.06.2026 15:46",""
"GLASS TUBES","CB-17","Local","","19","22.06.2026 12:27","CB- 17 (19)"
"1/2 INCH FEMALE NIPPLE","Box 35","Local","","7","15.06.2026 09:42","BOX 35 (7)"
"1/2 INCH MALE NIPPLE","Box 35","Local","","17","15.06.2026 09:41","BOX 35 (17)"
"MCP601 AMPLIFIER","Box 104","Local","","11","03.06.2026 18:02","BOX 104 (11)"
"PROXIMITY SENSOR PNP","BOX 30","Local","","16","29.05.2026 16:56","BOX 30 (16)"
"INA333 AMPLIFIER MODULE","ALMARA LOCKER","Local","","4","29.05.2026 16:31","ALMARA LOCKER (4)"
"3296W 100K OHM TRIMPOT POTENTIOMETER","BOX 104","Local","","14","29.05.2026 16:10","BOX 104 (14)"
"24MM CASIO TAPE CARTRIDGE XR-24YW YELLOW","BOX 102","Local","","1","29.05.2026 09:59","BOX 102 (1)"
"12MM CASIO TAPE CARTRIDGE XR-12WE1 WHITE","BOX 102","Local","","1","29.05.2026 09:58","BOX 102 (1)"
"12MM CASIO TAPE CARTRIDGE XR-12YW1 YELLOW","BOX 102","Local","","1","29.05.2026 09:57","BOX 102 (1)"
"42XL PULLEY","BOX 52","Local","","0","28.05.2026 11:58",""
"H11A1M Transistor  IC DIP-6 package","BOX 29","Local","","15","25.05.2026 17:17","BOX 29 (15)"
"MAX485 TTL TO RS485 MODULE","BOX 104","Local","","3","25.05.2026 10:05","BOX 104 (3)"
"HX 3608 BOOST TYPE DC-DC CONVERTERS IC","BOX 104","Local","","16","23.05.2026 18:00","BOX 104 (16)"
"64GB PENDRIVE","","Local","","0","21.05.2026 10:47",""
"PNP-64 THERMAL PRINTER","","Local","","3","19.05.2026 17:43","BOX 61 (3)"
"24XL DT PULLEYS","","Local","","0","19.05.2026 15:54",""
"OPTOS BLACK","BOX 4","Local","","18","12.05.2026 11:04","BOX 4 (18)"
"TOP C MOUNT DISSO","","Local","","100","08.05.2026 17:37","CB- 7 (100)"
"YELLOW PUMP SMALL","","Local","","1","08.05.2026 17:37","CB- 16 (1)"
"10LPM GREEN PUMP","","Local","","3","08.05.2026 17:37","CB- 16 (3)"
"1000ML FLAT BOTTOM BEAKER","CB-15","Local","","4","08.05.2026 17:36","CB- 15 (4)"
"1000ML VESSEL WITH GROUND","CB-14","Local","","11","08.05.2026 17:35","CB- 14 (11)"
"1000ML PLASTIC VESSEL","CB-13","Local","","7","08.05.2026 17:35","CB- 13 (7)"
"30ML BOTTLE WITH CAP","CB-12","Local","","1","08.05.2026 17:34","CB- 12 (1)"
"100ML BOTTLE WITH PTFE CAP","CB-12","Local","","5","08.05.2026 17:34","CB- 12 (5)"
"15ML BOTTLE WITH CAP","CB-12","Local","","199","08.05.2026 17:33","CB- 12 (199)"
"PETRI DISH 100X15","","Local","","6","08.05.2026 17:33","CB- 12 (6)"
"PETRI DISH","","Local","","4","08.05.2026 17:32","CB- 12 (4)"
"2000ML CONICAL VESSEL","CB-12","Local","","1","08.05.2026 17:32","CB- 12 (1)"
"500ML MEASURING CYLINDER","CB-10","Local","","1","08.05.2026 17:31","CB- 10 (1)"
"250ML BEAKER","CB-11","Local","","1","08.05.2026 17:30","CB- 11 (1)"
"500ML BEAKER","CB-11","Local","","2","08.05.2026 17:30","CB- 11 (2)"
"50ML BEAKER","CB-11","Local","","5","08.05.2026 17:29","CB- 11 (5)"
"1000ML CONICAL BEAKER","CB-11","Local","","1","08.05.2026 11:28","CB- 11 (1)"
"500ML CONICAL BEAKER","CB-11","Local","","1","08.05.2026 11:27","CB- 11 (1)"
"250ML CONICAL BEAKER","CB-11","Local","","1","08.05.2026 11:27","CB- 11 (1)"
"1000ML DISSO BEAKER WITH GROUND","CB-11","Local","","1","08.05.2026 11:27","CB- 11 (1)"
"5000ML CYLINDRICAL BEAKERS","CB-11","Local","","1","08.05.2026 11:25","CB- 11 (1)"
"2000ML CYLINDRICAL BEAKERS","CB-11","Local","","1","08.05.2026 11:25","CB- 11 (1)"
"1000ML CYLINDRICAL BEAKERS","CB-11","Local","","1","08.05.2026 11:25","CB- 11 (1)"
"5ML MEASURING CYLINDER","CB-10","Local","","3","08.05.2026 11:24","CB- 10 (3)"
"25ML MEASURING CYLINDER","CB-10","Local","","1","08.05.2026 11:22","CB- 10 (1)"
"10ML MEASURING CYLINDER","CB-10","Local","","3","08.05.2026 11:21","CB- 10 (3)"
"50ML MEASURING CYLINDER","CB-10","Local","","4","08.05.2026 11:20","CB- 10 (4)"
"100ML MEASURING CYLINDER","CB-10","Local","","15","08.05.2026 11:20","CB- 10 (15)"
"250ML MEASURING CYLINDER","CB-10","Local","","9","08.05.2026 11:18","CB- 10 (9)"
"ARDUINO NANO","","Local","","8","08.05.2026 09:53","BOX 97 (8)"
"1:2 WAGO CONNECTORS","BOX 69","Local","","20","07.05.2026 10:29","BOX 69 (20)"
"USP 5 DISSSO SPARES","","Local","","9","29.04.2026 11:01","BOX 87 (9)"
"DISSO AUTO SAMPLERS VALVES","","Local","","100","24.04.2026 18:00","CB- 7 (100)"
"AUTO SAMPLERS TEFLON TUBES","","Local","","20","24.04.2026 17:58","CB- 8 (20)"
"CONFIENCE ACRYLIC BOX","","Local","","1","24.04.2026 17:54","TOP OF ALMARA (1)"
"AUTO DISSO ELECTRONICS SAMMRUDHI","","Local","","1","24.04.2026 17:52","CB- 5 (1)"
"SCOTT VOLUME METER","","Local","","10","24.04.2026 17:22","TOP OF THE RACK 2 (10)"
"8 PIN BARRIER TERMINAL BLOCK","","Local","","10","15.04.2026 12:54","BOX 23 (10)"
"V8813X WSW HEATSINK TO 22","","Local","","5","15.04.2026 12:46","BOX 23 (5)"
"HEAT SINK SILVER PACK OF 3","","Local","","5","15.04.2026 12:44","BOX 23 (5)"
"HEAT SINK","","Local","","3","15.04.2026 12:43","BOX 23 (3)"
"SOLID STATE RELAY (SSR)","","Local","","1","15.04.2026 12:43","BOX 23 (1)"
"PID CONTROLLER","","Local","","1","15.04.2026 12:43","BOX 23 (1)"
"8 KEY KEYPAD STICKER SMALL","BOX 21","Local","","77","10.04.2026 17:10","BOX 21 (77)"
"M10 CONICAL LEGS","","Local","","8","09.04.2026 16:41","BOX 56 (8)"
"M10 LEGS","","Local","","64","09.04.2026 16:41","BOX 56 (64)"
"TAP DENSITY HOLDERS ATTACHED PARTS TPU (3D PRINTED)","","Local","","1","09.04.2026 16:08","BOX 51 (1)"
"M8 KNOBS","","Local","","1","09.04.2026 16:07","BOX 54 (1)"
"1/6 NIPPLE","BOX 35","Local","","7","09.04.2026 16:04","BOX 35 (7)"
"1 INCH MALE NIPPLE","BOX 35","Local","","3","09.04.2026 16:04","BOX 35 (3)"
"1 INCH FEMALE NIPPLE","BOX 35","Local","","4","09.04.2026 16:03","BOX 35 (4)"
"ELBOW UNION","","Local","","2","09.04.2026 16:03","BOX 35 (2)"
"ELBOW NIPPLE","","Local","","9","09.04.2026 16:03","BOX 35 (9)"
"UNIONS","","Local","","9","09.04.2026 16:02","BOX 35 (9)"
"1 INCH SS NIPPLE","BOX 41","Local","","4","09.04.2026 15:59","BOX 41 (4)"
"1 INCH BRASS NIPPLE","BOX 41","Local","","5","09.04.2026 15:59","BOX 41 (5)"
"BLACK AXIAL CONNECTOR","","Local","","23","09.04.2026 15:58","BOX 44 (23)"
"GFT PARTS","","Local","","23","09.04.2026 15:58","BOX 44 (23)"
"JPRM 2023 054","","Local","","5","09.04.2026 15:57","BOX 44 (5)"
"JPRM 2528 054","","Local","","5","09.04.2026 15:57","BOX 44 (5)"
"IGUBAL AXIAL CONNECTOR M6 SCREWS","","Local","","24","09.04.2026 15:56","BOX 44 (24)"
"ZONE READER ASSEMBLY PARTS (LEAD SCREW, NUT, LENEAR GUIDE)","","Local","","1","09.04.2026 15:56","BOX 44 (1)"
"CANNULAS FOR AUTO DISSO BIG","","Local","","32","09.04.2026 13:08","BOX 43 (32)"
"CANNULAS FOR AUTO DISSO SMALL","","Local","","47","09.04.2026 13:07","BOX 43 (47)"
"FRIABILITY ELECTRONIC SET (MAIN PCB, MOTOR CORD, DISPLAY)","","Local","","4","09.04.2026 13:01","BOX 67 (4)"
"M12 LEGS","","Local","","4","09.04.2026 12:56","BOX 60 (4)"
"M10 LEGS WITHOUT SCREWS","","Local","","29","09.04.2026 12:56","BOX 59 (29)"
"VACCUM VALVES","","Local","","5","09.04.2026 12:53","BOX 58 (5)"
"10MM LEGS WITH SCREWS","BOX 58","Local","","22","09.04.2026 12:53","BOX 58 (22)"
"15MM LEGS CONICAL","BOX 58","Local","","7","09.04.2026 12:52","BOX 58 (7)"
"10MM LEGS","BOX 58","Local","","2","09.04.2026 12:52","BOX 58 (2)"
"4 KEY KEYPAD STICKER DIGITAL TABLET HARDNESS TESTER","BOX 21","Local","","39","07.04.2026 12:01","BOX 21 (39)"
"OLD SIEVE SHAKER TOUCH STICKER","","Local","","4","06.04.2026 17:27","BOX 21 (4)"
"OLD DISSINTEGRATION STICKER","","Local","","3","06.04.2026 17:26","BOX 21 (3)"
"RAISE LAB EQUIPMENT SMALL STICKER","","Local","","45","06.04.2026 17:22","BOX 21 (45)"
"DISSO KEYPAD STICKER","","Local","","4","06.04.2026 17:21","BOX 21 (4)"
"7 KEY KEYPAD STICKER BIG","","Local","","6","06.04.2026 17:20","BOX 21 (6)"
"SIEVE SHAKER DISPLAY STICKER","","Local","","1","06.04.2026 17:19","BOX 21 (1)"
"PIT DISPLAY STICKER","BOX 21","Local","","3","06.04.2026 17:18","BOX 21 (3)"
"8 KEY KEYPAD STICKER BIG","","Local","","11","06.04.2026 17:18","BOX 21 (11)"
"MANUAL TOUCH HARDNESS STICKER","BOX 21","Local","","2","06.04.2026 17:17","BOX 21 (2)"
"DISSO NAME PLATE STICKERS","","Local","","12","06.04.2026 17:16","BOX 21 (12)"
"4 KEY KEYPAD STICKER PENETRABILITY TESTER","BOX 21","Local","","4","06.04.2026 17:15","BOX 21 (4)"
"7 KEY KEYPAD STICKER SMALL","","Local","","28","06.04.2026 17:09","BOX 21 (28)"
"RTC MODULE","","Local","","0","30.03.2026 17:02",""
"3P CALIBRATION PLATE SQUARE","BOX 95","Local","","4","27.03.2026 11:11","BOX 95 (4)"
"5V DC ADAPTERS","BOX 93","Local","","5","24.03.2026 12:30","BOX 93 (5)"
"4.5V DC ADAPTERS","BOX 93","Local","","4","24.03.2026 12:30","BOX 93 (4)"
"7.5V DC ADAPTERS","","Local","","3","24.03.2026 12:29","BOX 93 (3)"
"9V DC ADAPTERS","","Local","","6","24.03.2026 12:28","BOX 93 (6)"
"OLD DT AASSEMBLY MOTOR PLATE","","Local","","1","24.03.2026 12:21","BOX 92 (1)"
"3P JAW","BOX 92","Local","","1","24.03.2026 11:31","BOX 92 (1)"
"3P SS 316 PLATES","BOX 92","Local","","47","24.03.2026 11:31","BOX 92 (47)"
"1P CALIBRATION PLATE ROUND","BOX 95","Local","","7","24.03.2026 11:11","BOX 95 (7)"
"3P ASSEMBLY SET","BOX 95","Local","","2","24.03.2026 11:10","BOX 95 (2)"
"DT ASSEMBLY SET","","Local","","2","24.03.2026 11:06","BOX 95 (2)"
"DT BASKET SPARE ACRYLIC","","Local","","1","24.03.2026 09:42","BOX 98 (1)"
"5MM SS RODS","BOX 77","Local","","6","21.03.2026 16:50","BOX 77 (6)"
"5MM COPPER ROD","BOX 77","Local","","5","21.03.2026 16:48","BOX 77 (5)"
"USP PADDLES","","Local","","36","18.03.2026 17:54","BOX 87 (36)"
"AUTO DT BASKET HOLDERS","","Local","","30","18.03.2026 14:26","BOX 88 (30)"
"MANUAL DT BASKET HOLDERS","","Local","","7","18.03.2026 14:26","BOX 88 (7)"
"RECTANGLE OLD HEATER","","Local","","2","18.03.2026 10:50","BOX 100 (2)"
"DISSO BEARING HOLDERS","","Local","","5","17.03.2026 17:27","BOX 94 (5)"
"2:2 WAGO CONNECTORS","BOX 69","Local","","39","17.03.2026 17:04","BOX 69 (39)"
"1:3 WAGO CONNECTORS","BOX 69","Local","","38","17.03.2026 17:04","BOX 69 (38)"
"4 SHORT WAGO CONNECTORS","BOX 69","Local","","4","17.03.2026 17:04","BOX 69 (4)"
"8 SHORT WAGO CONNECTORS","","Local","","3","17.03.2026 17:04","BOX 69 (3)"
"ACRYLIC VESSEL LIDS FOR DISSO","","Local","","28","17.03.2026 17:04","BOX 84 (28)"
"MANUAL HARDNESS BASE","","Local","","14","17.03.2026 16:54","BOX 83 (14)"
"POWDER FLOW ASSEMBLY SET (16MM ROD, BEARING HOLDER, ADAPTRES, QUICK RELEASE PARTS)","","Local","","2","17.03.2026 16:39","BOX 82 (2)"
"BASKET RODS","","Local","","41","17.03.2026 14:47","BOX 81 (41)"
"STERROR RODS","","Local","","41","17.03.2026 14:46","BOX 80 (41)"
"DT BASKETS","","Local","","41","17.03.2026 13:00","BOX 79 (41)"
"DEBRISTOR SET","","Local","","9","17.03.2026 12:55","BOX 78 (9)"
"10MM SS RODS","BOX 77","Local","","4","17.03.2026 12:27","BOX 77 (4)"
"10MM COPPER ROD","BOX 77","Local","","6","17.03.2026 12:17","BOX 77 (6)"
"MOTOR MOUNTING PLATE SETS","","Local","","53","17.03.2026 12:05","BOX 76 (53)"
"YELLOW PUMPS FOR 14 STATION DISSO","","Local","","2","17.03.2026 11:51","BOX 75 (2)"
"WHITE TACKTILE BUTTON FOR SWITCHES","BOX 36","Local","","19","17.03.2026 10:28","BOX 36 (19)"
"YELLOW TACKTILE BUTTON FOR SWITCHES","BOX 36","Local","","22","17.03.2026 10:28","BOX 36 (22)"
"BLUE TACKTILE BUTTON FOR SWITCHES","BOX 36","Local","","27","17.03.2026 10:27","BOX 36 (27)"
"RED TACKTILE BUTTON FOR SWITCHES","BOX 36","Local","","32","17.03.2026 10:25","BOX 36 (32)"
"HILINK 5V 2A SMPS","BOX 65 (iii)","Local","","2","11.03.2026 16:02","BOX 65 (iii) (2)"
"USB MALE TO FEMALE ROUND PANEL MOUNT","BOX 5 (i)","Local","","1","11.03.2026 15:53","BOX 5 (i) (1)"
"DPST SWITCHES BLACK","BOX 36","Local","","14","07.03.2026 10:36","BOX 36 (14)"
"SCOOP 250GMS","","Local","","1","07.03.2026 10:11","BOX 34 (1)"
"120XL BELT OLD","BOX 27","Local","","7","07.03.2026 10:02","BOX 27 (7)"
"128XL BELT","BOX 27","Local","","10","07.03.2026 10:02","BOX 27 (10)"
"254XL BELT","BOX 27","Local","","5","07.03.2026 10:01","BOX 27 (5)"
"152XL BELT","BOX 27","Local","","3","07.03.2026 10:01","BOX 27 (3)"
"70XL BELT","BOX 27","Local","","5","07.03.2026 10:00","BOX 27 (5)"
"82XL BELT","BOX 27","Local","","3","07.03.2026 10:00","BOX 27 (3)"
"138XL BELT","BOX 27","Local","","7","07.03.2026 09:59","BOX 27 (7)"
"164XL BELT","BOX 27","Local","","4","07.03.2026 09:58","BOX 27 (4)"
"130XL BELT","BOX 27","Local","","11","07.03.2026 09:57","BOX 27 (11)"
"110XL BELT","BOX 27","Local","","2","07.03.2026 09:56","BOX 27 (2)"
"258XL BELT","BOX 27","Local","","19","07.03.2026 09:55","BOX 27 (19)"
"104XL BELT","BOX 27","Local","","7","07.03.2026 09:49","BOX 27 (7)"
"270 S2M GT BELT","BOX 27","Local","","3","07.03.2026 09:48","BOX 27 (3)"
"200 S2M GT BELT","BOX 27","Local","","7","07.03.2026 09:48","BOX 27 (7)"
"220 S2M GT BELT","BOX 27","Local","","3","07.03.2026 09:47","BOX 27 (3)"
"134XL BELT","BOX 27","Local","","7","07.03.2026 09:46","BOX 27 (7)"
"146 XL BELT","BOX 27","Local","","2","07.03.2026 09:43","BOX 27 (2)"
"RIGHT ANGLE MALE TO FEMALE HDMI CONNECTOR","","Local","","13","05.03.2026 16:51","BOX 15 (13)"
"FEMALE HDMI TO MICRO HDMI CONNECTOR","","Local","","23","05.03.2026 16:48","BOX 15 (23)"
"MALE TO MALE HDMI CABLE","","Local","","28","05.03.2026 16:41","BOX 15 (28)"
"12V - 12.5A SMPS LRS 150-12","BOX 65(i)","Local","","2","03.03.2026 10:51","BOX 65 (i) (2)"
"ELECTRO MAGNETIC TRANSFORMERS 230V","","Local","","9","26.02.2026 19:42","BOX 42 (9)"
"USB TO USB CABLE","BOX 16","Local","","1","26.02.2026 19:14","BOX 16 (1)"
"USB TO TTL CONVERTER","BOX 39","Local","","1","19.02.2026 19:57","BOX 39 (1)"
"LACQUER POROSITY CAN HOLDER BASE","","Local","","8","19.02.2026 19:38","BOX 28 (8)"
"SS HEAT SINK BIG","","Local","","2","19.02.2026 19:26","BOX 23 (2)"
"LEAD SCREW NUT, 20 TEETH GEAR (2 PCS), BIG GEAR WHEEL","","Local","","1","19.02.2026 19:17","BOX 29 (1)"
"EFF PROTECTORS GREY","","Local","","10","19.02.2026 18:47","BOX 48 (10)"
"6201ZZ BEARING","BOX 26","Local","","9","19.02.2026 15:18","BOX 26 (9)"
"6003LU/V3GO","BOX 26","Local","","10","19.02.2026 15:17","BOX 26 (10)"
"6003U1","BOX 26","Local","","6","19.02.2026 15:17","BOX 26 (6)"
"ADAPTER PIN","BOX 7","Local","","4","18.02.2026 20:34","BOX 7 (4)"
"2 PIN DISPLAY CONNECTORS","BOX 33","Local","","8","18.02.2026 20:21","BOX 33 (8)"
"7 PIN DISPLAY CONNECTORS","BOX 33","Local","","10","18.02.2026 20:20","BOX 33 (10)"
"5 PIN DISPLAY CONNECTORS","BOX 33","Local","","10","18.02.2026 20:19","BOX 33 (10)"
"9 PIN DISPLAY CONNECTORS","BOX 33","Local","","7","18.02.2026 20:19","BOX 33 (7)"
"JACK CONNECTOR 3 PIN","BOX 33","Local","","9","18.02.2026 20:16","BOX 33 (9)"
"GREW METS","BOX 32","Local","","20","18.02.2026 20:15","BOX 32 (20)"
"TAP DENSITY ELECTRONIC SET (MAIN PCB, MOTOR CORD, DISPLAY) WITH CABLES","","Local","","1","18.02.2026 19:07","BOX 68 (1)"
"8.5V @3A POWER ADAPTOR","BOX 17","Local","","1","18.02.2026 18:53","BOX 17 (1)"
"5V@3A POWER ADAPTOR","BOX 17","Local","","1","18.02.2026 18:53","BOX 17 (1)"
"MANUAL HARDNESS PCB","","Local","","12","17.02.2026 19:32","BOX 63 (12)"
"HARDNESS 3P ELECTRONIC SET (MAIN PCB, MOTOR CORD, DISPLAY) WITH CABLES","","Local","","2","17.02.2026 19:32","BOX 63 (2)"
"HARDNESS 1P ELECTRONIC SET (MAIN PCB, MOTOR CORD, DISPLAY) WITH CABLES","","Local","","1","17.02.2026 19:32","BOX 63 (1)"
"DUAL DT ELECTRONIC SET (MAIN PCB, MOTOR CORD 2, DISPLAY, OPTO CORD) WITH CABLES","","Local","","3","17.02.2026 19:31","BOX 64 (3)"
"SINGLE DT ELECTRONIC SET (MAIN PCB, DISPLAY)","","Local","","2","17.02.2026 19:31","BOX 64 (2)"
"RFI FILTER","BOX 12","Local","","5","17.02.2026 19:07","BOX 12 (5)"
"RC FILTER","BOX 12","Local","","3","17.02.2026 19:07","BOX 12 (3)"
"RECEPTACLE WITH EMF","BOX 12","Local","","1","17.02.2026 19:07","BOX 12 (1)"
"END STOP SWITCH MODULE","BOX 11","Local","","14","17.02.2026 19:06","BOX 11 (14)"
"EYE LEVEL 15X8MM","BOX 11","Local","","4","17.02.2026 19:06","BOX 11 (4)"
"MCS T100 SENSOR CABLE (3 CORE WIRE)","BOX 5(ii)","Local","","3","14.02.2026 12:38","BOX 5 (ii) (3)"
"8 PIN CABLE CONNECTOR MOLEX","BOX 5(ii)","Local","","58","14.02.2026 12:37","BOX 5 (ii) (58)"
"7 PIN CABLE CONNECTOR MOLEX","BOX 5(ii)","Local","","17","14.02.2026 12:36","BOX 5 (ii) (17)"
"16 PIN CABLE CONNECTOR MOLEX","BOX 5(ii)","Local","","20","14.02.2026 12:36","BOX 5 (ii) (20)"
"9 PIN CABLE CONNECTOR MOLEX","BOX 5(ii)","Local","","10","14.02.2026 12:28","BOX 5 (ii) (10)"
"3 PIN CABLE JST","BOX 5(i)","Local","","6","13.02.2026 19:30","BOX 5 (i) (6)"
"2 PIN CABLE JST","BOX 5(i)","Local","","10","13.02.2026 19:29","BOX 5 (i) (10)"
"7 PIN CABLE JST","BOX 5(i)","Local","","27","13.02.2026 19:12","BOX 5 (i) (27)"
"10 PIN CABLE JST","BOX 5 (i)","Local","","9","13.02.2026 19:07","BOX 5 (i) (9)"
"8 PIN CABLE JST","BOX 5(i)","Local","","91","13.02.2026 19:06","BOX 5 (i) (91)"
"9 PIN CABLE JST","BOX 5(i)","Local","","10","13.02.2026 19:04","BOX 5 (i) (10)"
"6 PIN CABLE CONNECTOR HXH","BOX 5(i)","Local","","14","13.02.2026 18:59","BOX 5 (i) (14)"
"MESH PAD","BOX 1","Local","","1","13.02.2026 18:39","BOX 1 (1)"
"PNEUMATIC AIR SILENCER","BOX 8","Local","","4","05.02.2026 13:03","BOX 8 (4)"
"5V STEPPER MOTOR WITH MODULE","BOX 8","Local","","1","05.02.2026 11:47","BOX 8 (1)"
"42 XL ALUMINIUM PULLEY","BOX 3","Local","","1","03.02.2026 11:41","BOX 3 (1)"
"PT HARDNESS TESTER SPRINGS","","Local","","8","03.02.2026 11:39","BOX 3 (8)"
"90 HTD ALUMINIUM PULLEY","","Local","","4","03.02.2026 11:34","BOX 3 (4)"
"90:18 HTD ALUMINIUM PULLEY SET","","Local","","2","03.02.2026 11:34","BOX 3 (2)"
"DISSOLUTION ELECTRONIC SET (MAIN PCB, MOTOR CORD, DISPLAY, SENSOR CORD, OPTO CORD, HEATER CORD, POWER SUPPLY CIRCUIT) WITH CABLES","","Local","","0","02.02.2026 17:10",""
"AVR ISP 10 PIN TO 6 PIN ADAPTER BOARD","BOX 5 (i)","Local","","3","29.01.2026 12:45","BOX 5 (i) (3)"
"OLD FINGER PRINT SENSOR","BOX 9","Local","","4","28.01.2026 11:58","BOX 9 (4)"
"FUSE HOLDER","BOX 4","Local","","13","27.01.2026 13:26","BOX 4 (13)"
"8A FUSE BIG","BOX 4","Local","","5","27.01.2026 13:17","BOX 4 (5)"
"10A FUSE BIG","BOX 4","Local","","100","27.01.2026 13:14","BOX 4 (100)"
"2A FUSE","BOX 4","Local","","100","27.01.2026 13:14","BOX 4 (100)"
"1A FUSE","BOX 4","Local","","100","27.01.2026 13:13","BOX 4 (100)"
"4A FUSE","BOX 4","Local","","100","27.01.2026 13:12","BOX 4 (100)"
"8A FUSE","BOX 4","Local","","100","27.01.2026 13:12","BOX 4 (100)"
"3A FUSE","BOX 4","Local","","100","27.01.2026 13:11","BOX 4 (100)"
"1.5A FUSE","BOX 4","Local","","100","27.01.2026 13:11","BOX 4 (100)"
"2.5A FUSE","BOX 4","Local","","100","27.01.2026 13:10","BOX 4 (100)"
"3.5A FUSE","BOX 4","Local","","100","27.01.2026 13:08","BOX 4 (100)"
"5A FUSE","BOX 4","Local","","100","27.01.2026 13:03","BOX 4 (100)"
"15A FUSE","BOX 4","Local","","100","27.01.2026 13:03","BOX 4 (100)"
"12A FUSE","BOX 4","Local","","100","27.01.2026 13:02","BOX 4 (100)"
"10A FUSE","BOX 4","Local","","100","27.01.2026 13:02","BOX 4 (100)"
"20A Fuse","BOX 4","Local","","100","27.01.2026 13:01","BOX 4 (100)"
"0.5 A Fuse","BOX 4","Local","","100","23.01.2026 17:10","BOX 4 (100)"
"Male Pin Header","BOX 2","Local","","44","23.01.2026 16:11","BOX 2 (44)"
"26 PIN RIBBON CABLE CONNECTOR","BOX 2","Local","","6","23.01.2026 14:35","BOX 2 (6)"
"10 PIN BOX HEADER","BOX 2","Local","","31","23.01.2026 14:18","BOX 2 (31)"
"SILICON TUBE 2X4","WOODEN BOX","Local","","0","—",""
"1/8 INCH MALE NIPPLE","Box 35","Local","","0","—",""
"1/4 INCH MALE NIPPLE","Box 35","Local","","0","—",""
"SILICON TUBE 4X8","WOODEN BOX","Local","","0","—",""
"1/4 INCH UNION","Box 35","Local","","0","—",""
"POLY CAB DESICCATOR (300MM) WITH 3 WAY COCK","","Local","","0","—",""
"M10 LEGS WITHOUT SCREWS","","Local","","0","—",""
"1 INCH BRASS NIPPLE","","Local","","0","—",""
"3P SS PLATES","","Local","","0","—",""
"5000ML CYLINDRICAL BEAKERS","","Local","","0","—",""
"12MM CASIO TAPE CARTRIDGE XR-12WE1 WHITE","","Local","","0","—",""
"SILICON TUBE 6X12","WOODEN BOX","Local","","0","—",""
"1/4 INCH FEMALE NIPPLE","Box 35","Local","","0","—",""
"16 PIN CABLE CONNECTOR MOLEX","","Local","","0","—",""
"ALUMINIUM BLOCK CONNECTOR FOR SOLENOIDS","BOX 90","Local","","0","—",""
"12XL DT PULLEYS","","Local","","0","—",""
"BLACK AXIAL CONNECTOR","","Local","","0","—",""
