"BOM Quantity","Part Name","Description","Designators","Comments"
"1","CR2032 COIN BATTERY","LAPTOP TABLE DESK","",""
"1","5V - 3A SMPS   RS 15-5","Box 65 (iii)","",""
"1","RS232 MODULE","Box 17","",""
"1","20X4 DISPLAY YELLOW","BOX 99","",""
"1","2:2 WAGO CONNECTORS","BOX 69","",""
"4","15MM RUBBER LEGS","BOX 60","",""
"1","10 PIN CABLE CONNECTOR MOLEX","BOX 5(ii)","",""
"1","6 PIN CABLE JST","BOX 5(i)","",""
"5","4 PIN CABLE JST","BOX 5 (i)","",""
"2","6A FUSE","BOX 4","",""
"1","I2C ADAPTER MODULE","BOX 39","",""
"1","8 KEY KEYPAD STICKER SMALL","BOX 21","",""
"1","8 KEY KEYPAD BOARDS","BOX 19","",""
"1","USB MALE TO FEMALE PANEL MOUNT CABLE","BOX 16","",""
"1","RECEPTACLE  (EMI-12-04 IFM-3)","BOX 12","",""
"1","WIPRO GRANET 2W LED SPOTLIGHT","BOX 108","",""
"1","PNP-500 THERMAL PRINTERS","4th row of rack 3","",""
"1","MAIN PCB","","",""
"1","23 DIA LENS MOUNTING (derlin)","","",""
"1","POTENTIOMETER","","",""
"1","COINS SET OF 4 (09, 18, 27, 35)","","",""
"1","40 X 40 MIRROR","","",""
"1","ZONE READER TOP","","",""
"1","3D PRINTED MIRROR MOUNT SET","","",""
"1","ZONE READER BASE","","",""
"1","23 DIA CONVEX LENS","","",""
"1","LIGHT ARM TIGHTNER (derlin)","","",""
"2","VIEW PORT GLASS 65 DIA","","",""
"1","ASSEMBLY PLATES SET OF 3 INCLUDING STUDS","","",""
"1","28.5 DIA LENS MOUNTING (derlin)","","",""
"1","LIGHT ARM","","",""
"1","ASSEMBLY KNOB","","",""
"1","ZONE READER ASSEMBLY","","",""
"1","28.5 DIA CONVEX LENS","","",""
"1","VIEW PORT GLASS MOUNT (derlin)","","",""
"1","PLATFORM GLASS","","",""
